id,longitude,latitude
0,113.19168819995048,22.68346580020659
1,113.19155129975275,22.683460399777687
2,113.18665779981768,22.689209199944685
3,113.1920611002397,22.686595199908595
4,113.19345549997138,22.689249500364213
5,113.19160929972941,22.68888160030565
6,113.1929936000746,22.690996099790198
7,113.2649686996458,22.739629700350463
8,113.26538610018838,22.74052199959067
9,113.2666677995793,22.74107420041406
10,113.26907039957939,22.742242800165172
11,113.26589670017268,22.744672699985188
12,113.26352550000183,22.745941200026436
13,112.43401139960645,22.716093599739906
14,112.4382877002173,22.721233899724723
15,112.43431619963292,22.71701059975942
16,112.44521320032902,22.71882159963718
17,112.44407059997832,22.725622799952305
18,112.44127029998447,22.72338380012235
19,112.44382920035741,22.725714299675246
20,112.43262019966255,22.72323540029356
21,112.44063879964096,22.723851100447973
22,112.42935060015009,22.72397509987104
23,112.46298829967031,22.748554200016372
24,112.46153439989268,22.749210199690992
25,112.39247539971996,22.729058200275745
26,112.3924546001997,22.72914590036305
27,112.57698990016377,22.785161799977118
28,112.56559680015232,22.786824599675583
29,112.5630802002911,22.787727699773598
30,112.56847140033494,22.79093250043462
31,112.56860170040818,22.79091620022251
32,112.7324846001842,22.854632300240496
33,112.73248579987978,22.855747599871904
34,112.46598149974648,22.752119600039578
35,112.5145407002932,22.77879769985401
36,112.4586728003095,22.7483690997542
37,112.45873779970975,22.748347400012563
38,112.45558670026605,22.753484500209595
39,112.73349629971449,22.855250299961426
40,112.72371339985364,22.912375499829523
41,112.72336819958275,22.916243699786946
42,112.72001890035199,22.91635170027081
43,112.72504540012517,22.91979050003158
44,112.78451779995657,22.86860250020527
45,112.78831510006182,22.868854199761586
46,112.78849629996432,22.868964800185438
47,112.96167799993975,22.87251120023177
48,113.0491102997006,22.878733200276997
49,112.90330940010881,22.88042090040426
50,112.90091140014101,22.880229899690164
51,112.90087929973993,22.880399000113812
52,112.90326820036717,22.880740100375363
53,112.91634450029846,22.88181609963334
54,112.91627239985144,22.882112900190236
55,112.91703439991772,22.881898500015836
56,112.9173377996998,22.882229800365053
57,112.79557799972497,22.869743899961065
58,112.78312819990651,22.873263000187364
59,112.80393490037545,22.873940599778905
60,112.81245070043951,22.87909879986978
61,112.81240670020907,22.87892010008261
62,112.82264160022976,22.886255100192784
63,112.82236319980188,22.886247199648608
64,112.86266330007129,22.8909275998289
65,112.8580003997987,22.892212300257484
66,112.85810020026406,22.892461800072056
67,112.85571090033784,22.892942299747403
68,112.85497689976421,22.89329319992129
69,112.85501949975014,22.893356799976402
70,112.84271060031404,22.896221700071465
71,112.72828650012195,22.922841899733953
72,112.76705149992688,22.939789899784103
73,112.94000420013379,22.934426600307404
74,112.99255889967355,22.927034700091383
75,112.99200120039518,22.927406399785582
76,112.99256749989024,22.927205799707963
77,112.93983149972405,22.93452880016406
78,112.9289746996227,22.93772749982429
79,112.92754039966974,22.938917900041076
80,112.99576959988724,22.945359699790345
81,112.99609809974754,22.945730900360786
82,112.92768270029649,22.961265900001308
83,112.92749040006197,22.961182399747997
84,112.84529950027184,22.958368600030894
85,112.92728109994289,22.961651600341156
86,112.92743059964255,22.96171070018869
87,112.7804106995942,22.974080999938224
88,112.78381229979789,22.976680699854455
89,112.78648269991675,22.978877099698423
90,113.06319789986321,22.932044399629376
91,113.04756580042147,22.93229569988671
92,113.04756269955897,22.932499300102677
93,113.03884659979076,22.933981100447454
94,113.01436410032306,22.98731560033474
95,113.01454160041453,22.987343099804264
96,113.09445570007051,22.986628699954565
97,113.01504260013598,22.98966690030727
98,113.01889580030104,22.990176600070072
99,113.04017419967965,22.9917487004422
100,113.00844860002292,22.992918800262487
101,113.00858679974112,22.993113900086485
102,113.03595639996797,22.991992399629567
103,113.04044919977082,22.993053700368023
104,113.0433586001194,22.99644149957561
105,113.04257319969349,22.999424500440398
106,113.04345860023432,22.996501200170314
107,113.0414895004402,22.998130799596765
108,113.1041542003561,22.995746599725862
109,113.09773820035775,22.996159800434498
110,113.10429919984824,22.99593069994188
111,113.03595620031842,22.992158099716562
112,113.00984620044187,22.99249760008422
113,112.96396490035988,22.997168300176952
114,112.93115720044455,22.98488230017807
115,113.10247229995673,22.99604979985844
116,112.96996509970961,22.967285600250307
117,112.9701224999535,22.96738029976109
118,112.92207040012897,22.97806500019965
119,112.92222180009605,22.978065100024423
120,112.90534069971363,22.974016600385823
121,112.9033590004176,22.97815349978424
122,112.9099274004293,22.978718099560695
123,112.89933690037776,22.97921760011218
124,112.90182580022054,22.979257000310383
125,112.90220469988708,22.98482180008608
126,112.90274829959446,22.98133470043615
127,112.89987239989136,23.052411700139885
128,112.90016880024996,23.052492800102698
129,112.84979330012072,23.046542200162435
130,112.84914429986964,23.04656919960894
131,112.84920139962492,23.047327800237838
132,112.89504939961012,23.051892300289467
133,112.89503170005298,23.052009199564964
134,112.89972660000262,23.052461400273444
135,112.89960390009992,23.052916799870445
136,112.90214629971206,23.06268379971766
137,113.09683420003842,23.00243570044728
138,113.09697320015312,23.002841800109024
139,113.09680089994163,23.005855000208157
140,113.0969296999458,23.006052000299633
141,113.09683110007529,23.0112747995924
142,113.02692940007182,22.90096499973498
143,113.1262545000452,22.918555200262347
144,113.12584759998686,22.919031900302002
145,113.0965206001456,22.930114700033414
146,112.99217239983648,22.92815559980113
147,113.03346109965014,22.939415199951554
148,113.03348309976525,22.93983549990844
149,113.24838089965886,22.945411400016155
150,113.24877830017851,22.947195500272187
151,113.24423259955483,22.94571739973827
152,113.2483629995528,22.94768419996592
153,113.24951570018948,22.947651600441077
154,113.24913819986807,22.948193100231435
155,113.16563949966326,22.95245249988301
156,113.1680292996125,22.96327010033491
157,113.16800580032748,22.964068999584697
158,113.17286569979228,22.976599699716417
159,113.1719660998557,22.980619699839337
160,113.17733379971514,22.979725199958068
161,113.17233390008948,22.98101179975481
162,113.1726213998578,22.981199800330558
163,113.0566292003773,23.03708859965917
164,113.05735009962746,23.03737579995328
165,113.09713259958983,23.058854199561722
166,113.13450879974141,23.0676745001781
167,113.13447539981996,23.0668364003796
168,113.1345598002946,23.06990189965302
169,113.135090199753,23.0698967995977
170,113.13483750015052,23.06981399991622
171,113.13469110041399,23.072509099915067
172,113.07867000002057,23.058856400202785
173,113.08017900036066,23.05924409973545
174,113.09783360044037,23.063413800106844
175,113.09814360034693,23.064238300357317
176,113.09826189986688,23.064884299570792
177,113.09881259972178,23.065352799592063
178,113.10252529970285,23.06695050006556
179,113.09958460024916,23.06663139991923
180,113.05683100015062,23.06302220021439
181,113.0567315998835,23.063234299923067
182,113.03976180026689,23.063826400068365
183,113.03708070001437,23.06508329975452
184,113.03617759991641,23.065497399785215
185,113.00139429990702,23.065478700181927
186,112.95994020038006,23.06933720005179
187,113.0979381996882,23.064445100361127
188,113.0964242998416,23.06581239992238
189,113.10078559987562,23.06613789964439
190,113.10045929975695,23.066590200177643
191,113.10394309979426,23.06732529972288
192,113.10317570019845,23.067331499649015
193,113.10210239980597,23.07511640000189
194,113.1013796002884,23.068883599998173
195,113.11538089970884,23.070297899928164
196,113.11513230011565,23.070412200162934
197,113.10091330000887,23.069569899631233
198,113.10121579956956,23.069455100272705
199,112.83491099964294,23.074446899704697
200,112.8347448004323,23.07438030041061
201,112.89217049976878,23.09943389995459
202,112.89171400030091,23.100262799688494
203,112.89761830044426,23.106063499730794
204,112.89678899961268,23.10481749982779
205,112.8351545000802,23.109529899685185
206,112.83499089991017,23.109211799584955
207,112.84085300026584,23.10957299969425
208,113.00209190042096,23.07869779986362
209,113.13510480024638,23.078948600097874
210,113.01153479989114,23.082456699816873
211,112.98551240027712,23.07953870015092
212,112.9853456003193,23.079643699597113
213,112.99861359973795,23.085879200264912
214,113.00301709955954,23.086547300317704
215,113.00234340032773,23.08673000028932
216,113.13568019998127,23.088856799801533
217,113.1355574002539,23.088883999796792
218,113.13600340013681,23.095993600124586
219,113.13585920014202,23.096186199833312
220,113.13636649961438,23.103804099679508
221,113.13309139984824,23.10798900039208
222,113.1362927003479,23.105843399653224
223,113.13644930019507,23.10584310017896
224,113.13646420016278,23.10808510014732
225,113.13634880005714,23.108088700133464
226,113.13991079974369,23.10960839970795
227,113.13651779975669,23.109526000224776
228,113.1363999004351,23.10952839961601
229,113.09745610011896,23.130217500237507
230,113.18452869983969,23.11311879989273
231,113.1926206997855,23.14614900017625
232,113.19247820040869,23.14615570012552
233,113.12505179980076,23.128817799901583
234,113.1236060002168,23.129891399768326
235,113.12181050015454,23.130694399926654
236,113.11815589997491,23.13241950015987
237,113.1353671001117,23.13534290025467
238,113.00659159982251,23.138502400265622
239,113.00890279992439,23.13904580032346
240,112.99388649956234,23.140915999873528
241,112.9938209003144,23.140762900187724
242,113.00892239974905,23.14313200044154
243,113.00941189983939,23.149138000418418
244,113.16156229996022,23.13121360012758
245,112.91138890037746,23.126935900171702
246,112.91999300037673,23.15091200038853
247,112.92038980014922,23.151512400377044
248,112.92103809982848,23.154140400159406
249,112.91511770002194,23.159615099557243
250,112.9200811995878,23.15547110001131
251,112.92156280028303,23.160176100246872
252,112.9201502000717,23.158207899774823
253,112.91768890042249,23.15830849973753
254,112.92267270038485,23.15777329969808
255,112.91804100029196,23.1578481997347
256,112.92791270011105,23.15405799977691
257,112.92285660005211,23.15469899965916
258,112.92512809958214,23.155368699605845
259,112.87201829980472,23.171971699934033
260,112.8719274997544,23.172004900206048
261,112.87226819981765,23.172608599807063
262,112.89542890002383,23.176324200101817
263,112.89171989985357,23.17952560042619
264,112.87070259974519,23.18202759979397
265,112.87285390038721,23.18253890035004
266,112.89919829956193,23.18235969964047
267,112.89929829967684,23.182480599999735
268,112.87456869978575,23.183172600435228
269,112.87813509985506,23.18315649987261
270,112.88362970035041,23.1831158001541
271,112.8835216998666,23.18335149987189
272,112.88137760009624,23.18332000021786
273,112.8794860002788,23.18373720021168
274,112.83691610019798,23.19208799986137
275,112.83876379960975,23.195552000424527
276,112.835982399768,23.19519979983096
277,112.84481460021368,23.206498200331737
278,112.83600100044589,23.19540149977945
279,112.83607989976758,23.198317600077246
280,112.96194809962515,23.212602800179127
281,112.99085400001218,23.211342199782734
282,112.96564500031661,23.213107499711384
283,112.96270849979749,23.21420819974867
284,112.96301370002232,23.21310920032937
285,112.91406649956934,23.224482400142676
286,112.91379539983791,23.22463129999454
287,113.05003279997379,23.213096099905158
288,113.08476620020008,23.216373500136967
289,113.09046299976774,23.21659239961957
290,113.0553572999994,23.213883500423265
291,113.04256689994259,23.213182000449024
292,113.01485179997064,23.199867800158927
293,113.01534869968282,23.201745199681284
294,113.01472170044622,23.208091799896692
295,113.01663979968703,23.209523699559156
296,113.0237555001163,23.21088940012578
297,113.01108400032638,23.209730999585986
298,113.01225960040028,23.209599800190688
299,113.02114960027393,23.210431299864638
300,113.02614039965977,23.211618799767848
301,113.04239759986945,23.213790100432846
302,113.01697980007782,23.213497100410905
303,112.95464789968094,23.21678719996936
304,112.9620038000354,23.216371199671187
305,112.96009590000585,23.21581499956261
306,112.95540710015757,23.216187700202227
307,112.9649714000102,23.219092299969702
308,112.94382770018831,23.224240399774658
309,112.93896719997633,23.224547100068662
310,112.9384710997615,23.225253799922996
311,113.09379420014227,23.218118100370077
312,113.10611610017793,23.22386519991909
313,113.11184650021585,23.225835299759353
314,112.93425330004982,23.22628650042168
315,112.93451430039465,23.226361100084773
316,112.91409900016879,23.22714989994796
317,112.91430969963301,23.227319600219403
318,112.94354889956207,23.22919530002315
319,112.94330490000118,23.229653599933727
320,112.91398209999397,23.23156790043828
321,112.90938019983639,23.22740930039896
322,112.92813170031775,23.249381700305264
323,113.14598699990017,23.23175530026697
324,113.1472385000568,23.231837099902293
325,113.1408404001644,23.232722100244757
326,113.13486759956015,23.2324708998122
327,113.1397863002976,23.23229029975755
328,113.13526740037025,23.23303250034968
329,113.16637479975725,23.232374100384448
330,113.16323870010604,23.232557900226936
331,113.15934089986274,23.23219989990548
332,113.13026570030183,23.307154000157027
333,113.13009409976291,23.307193600004666
334,113.02218809960118,23.295092300069655
335,113.02262359989925,23.294604700246794
336,113.0198447999976,23.29869310010656
337,113.01640230042585,23.299543099734308
338,113.01526370025965,23.309048600112874
339,113.01698909996708,23.3051019999574
340,112.85496619963044,23.259220199852393
341,112.89683819972322,23.24736920012856
342,112.8976001997894,23.24753369962059
343,112.88534280003023,23.250935899672072
344,112.88545510017275,23.251067099966747
345,112.91851060018416,23.260771099606586
346,112.93147409994981,23.248082799581596
347,112.9307465996759,23.25030659996969
348,112.92503139997916,23.249981999569684
349,113.1318198996687,23.231742799690494
350,113.0320811996877,23.249591200073894
351,113.0301905999163,23.251965799681955
352,112.91834519957138,23.260831900072162
353,113.13610509997045,23.271608999555724
354,112.8609283999258,23.25811720024865
355,112.86029650028331,23.258486399827518
356,112.85509179984672,23.259197699714093
357,112.85159119957427,23.261994700095386
358,112.85598240026764,23.260471899658512
359,113.27010009993967,22.74609429971224
360,113.22688459994436,22.76039720027063
361,113.20340810010384,22.761240300299676
362,113.2005165998612,22.76275089963434
363,113.2699549997235,22.74558529962195
364,113.30429660040784,22.748302000437036
365,113.19389189959156,22.784710500389338
366,113.30467359980685,22.798139500037962
367,113.30402149959264,22.798883799647683
368,113.30177519996562,22.80213959996263
369,113.30224849966862,22.802352000044834
370,113.29298909966724,22.81872160022175
371,113.08373749988573,22.79149450027103
372,113.07076389983422,22.816398899589615
373,113.02045619959404,22.818623299825504
374,113.07146039957786,22.815610199551145
375,113.06779069978109,22.82244150017516
376,113.06402059967104,22.82237409958509
377,113.0707412998712,22.824130499822786
378,113.06153190037696,22.82346799984839
379,113.11724829966931,22.817612799990798
380,113.02076859979115,22.837330899901133
381,113.02111909976668,22.838557600353
382,113.05968620015813,22.824983399764164
383,113.07435420028617,22.837411800214454
384,113.10525689958627,22.832535599638277
385,113.18654980023314,22.81883090022592
386,113.18500260028986,22.846144800042566
387,113.29047830043328,22.83510010008962
388,113.18274699987421,22.846701500174163
389,113.17831449961454,22.846826600367365
390,113.29067219966237,22.833860399937578
391,113.27993939988346,22.86641609992313
392,113.27683179974781,22.867636700273522
393,113.02180249998548,22.840356599677364
394,113.0162456996793,22.844813899641792
395,113.01792819992659,22.843047999865348
396,113.07275249962822,22.83806739969077
397,113.02034469984812,22.848574199839504
398,113.13198809987102,22.849812999770165
399,113.13212960010105,22.84986739976074
400,113.12464799970553,22.85582940040655
401,113.02215650012249,22.85522169972171
402,113.02273430014793,22.85442150005224
403,113.02293509987499,22.854390899720272
404,113.0230944003863,22.855160199583622
405,113.0219635002154,22.855389499725675
406,113.0231678003538,22.85541630042195
407,113.02320909992011,22.855557899577434
408,113.0206921996853,22.85617549999938
409,113.02099019993784,22.85643019969399
410,113.07812140008264,22.86668430024031
411,113.03208639956779,22.86178859966418
412,113.02908019979145,22.86004379978158
413,113.02496359989027,22.86137709957353
414,113.1918882001803,22.848094800035028
415,113.2001301998489,22.853601400184516
416,113.1977809997934,22.86054330033312
417,113.199601599934,22.86053830010252
418,113.20334729963827,22.860791200253743
419,113.22957169957431,22.854875000281083
420,113.18142509988854,22.85625810003137
421,113.22206230023505,22.86509029957773
422,113.22325779960784,22.86284700008906
423,113.22186620036496,22.86564350044722
424,113.21690620006109,22.863803599956213
425,113.21926670009816,22.864175699848715
426,113.21876630022462,22.8644912000089
427,113.22165759991833,22.865253999572474
428,113.24932799998726,22.868044399829216
429,113.23236760008479,22.868454200201256
430,113.22652930028698,22.86687379998591
431,113.24203330029661,22.869509300114146
432,113.24203590023671,22.869613099864694
433,113.22170039955381,22.86558939993091
434,113.22007480031186,22.867924100217124
435,113.2206142001852,22.867963899714255
436,113.21957810024924,22.86889340031024
437,113.26918860017383,22.87973919990418
438,113.28081580000924,22.88553529991424
439,113.21503000023438,22.874916099798213
440,113.17172420021177,22.903456100218875
441,113.14944760012668,22.90643519982467
442,113.15020679970405,22.90632479994963
443,113.1719987002798,22.908781700115412
444,113.17165860006435,22.90901010003614
445,113.17065590004984,22.916135200179383
446,113.17132519979816,22.916621100283578
447,113.21148029967617,22.927055600335734
448,113.21189770021874,22.927751600056354
449,113.21302460020524,22.92885619955399
450,113.17533909981967,22.997357700097837
451,113.1753277998381,22.997643599972207
452,113.0076723996616,23.025861400283475
453,113.09671510012186,23.02098170044519
454,113.0966060995919,23.02132100026398
455,113.160556199609,23.141043399633247
456,113.1570794997192,23.140619300040726
457,113.15918370016766,23.14104500042646
458,113.16503150040353,23.142599199793267
459,113.16109780012346,23.14331509971214
460,113.17414089978274,23.146122200379295
461,113.16775929975199,23.178257700232734
462,113.17218100005311,23.216849100305808
463,113.17084129978616,23.22139749979482
464,113.16581749977786,23.226913300008846
465,113.1662186999331,23.226853299939876
466,113.16330039989361,23.228798100052302
467,113.16442760025359,23.22901729990849
468,113.1644920996307,23.231045100251208
469,113.15735339993955,23.231258399655474
470,113.15559749972488,23.231447699751584
471,113.15515890036306,23.231607799760184
472,113.16218429986566,23.232309699932784
473,113.1591987997848,23.231874300358697
474,113.16630349970683,23.232204199564194
475,113.16500249996545,23.2321731999333
476,113.54031190017406,22.69674709969894
477,113.54017280023459,22.696974399748797
478,113.47838789988168,22.752411600015364
479,113.47685750017354,22.753811099802476
480,113.4691996002814,22.759736300190127
481,113.38578309991021,22.929228499995304
482,113.38629939979751,22.928539100399234
483,113.38396149972345,22.933282099689222
484,113.38311999958842,22.93462360039888
485,113.38303250004992,22.935187200129235
486,113.46222909989308,22.95236760028456
487,113.28094009980578,22.958578400173053
488,113.28234940040454,22.958807399941577
489,113.29283280019365,22.9666596999852
490,113.29312640006333,22.967043000034494
491,113.29328550002583,22.966935299924216
492,113.28619670011767,22.968257199909885
493,113.28614880042687,22.968431799687835
494,113.27944929994533,22.9710841000512
495,113.26472489973435,22.972593499690333
496,113.26476420010783,22.97275530031692
497,113.34104659992067,22.983709200219437
498,113.43980230043587,23.009881399906703
499,113.44648110032256,23.016819899718655
500,113.43629610008497,23.012151500091704
501,113.4387823001631,23.01288549976607
502,113.36075439989565,23.074355399981755
503,113.36060369960114,23.07443669959406
504,113.31663729987156,23.03608369990286
505,113.3153466000656,23.03818430036523
506,113.31903460016667,23.037858100071333
507,113.31875369962358,23.038545600299244
508,113.30659289964262,23.038506399750588
509,113.31851959979974,23.040497999682998
510,113.31816630023468,23.040574499613513
511,113.33408119958779,23.04013359978586
512,113.33397189958362,23.040316199932704
513,113.31905009998218,23.041666499609335
514,113.31973469989657,23.043222000295145
515,113.46414750040685,23.04090599961222
516,113.25707829982377,23.03774589975353
517,113.25712570039082,23.037947300227756
518,113.25157860017237,23.05036940002782
519,113.25028280031108,23.05990790012953
520,113.2499812000724,23.060133000437645
521,113.29932949995657,23.04452700022091
522,113.29878669974642,23.044648500428025
523,113.32231520018638,23.060714000250982
524,113.32220240002084,23.061229100442688
525,113.2985450995767,23.061808700011568
526,113.2993936000347,23.062659599860694
527,113.2972352999692,23.063588399884793
528,113.31629120027878,23.06545019976693
529,113.29928499970299,23.062684699938984
530,113.30166720038108,23.063161700352225
531,113.30026950013735,23.06327019995979
532,113.30073330030166,23.065119799639092
533,113.29017320003322,23.064509099715224
534,113.29924959968935,23.063461699797642
535,113.30185560025586,23.064583100429786
536,113.29895160033618,23.06491420023019
537,113.29901659973632,23.06505640013279
538,113.29986210005598,23.064844000050584
539,113.31628539965152,23.06558540024605
540,113.30161019955108,23.065850399876126
541,113.3019549996236,23.06667879958701
542,113.30149800013271,23.065516100287823
543,113.30183880002062,23.066057199879936
544,113.30190590023722,23.06609090017497
545,113.3013948002299,23.066078399598496
546,113.30201220010304,23.066396899897086
547,113.32352789999265,23.065593299890907
548,113.32189359980987,23.065861500208143
549,113.31789039992213,23.065496200089626
550,113.31837000027531,23.065974900221534
551,113.31940429976873,23.066177799865613
552,113.32325260042728,23.06793510032469
553,113.32746499971006,23.067030799631766
554,113.3277933997457,23.067399300437444
555,113.33706299985761,23.071621299983065
556,113.30111699964982,23.066487600122684
557,113.30079340019529,23.06651179997965
558,113.30089939968764,23.066816500181403
559,113.30136460009624,23.066760399572843
560,113.2969211002287,23.066986699576603
561,113.29139169956738,23.067724300136376
562,113.28737059957359,23.0681133999135
563,113.30263989991147,23.067259300276532
564,113.30218439959037,23.067087199714535
565,113.29625069971007,23.06719329993092
566,113.29340900032514,23.067269899686153
567,113.29350789966986,23.06747490014658
568,113.29324809991999,23.06750909956537
569,113.32995729988954,23.06774399978582
570,113.32601269982626,23.06715310023543
571,113.30335910034228,23.068733600275493
572,113.33900160004384,23.070567600314575
573,113.34056550039759,23.071132799938823
574,113.33897110043597,23.07064089955793
575,113.24520189964801,23.075767199796474
576,113.201637499571,23.073430500317386
577,113.40414079985806,23.063514700443136
578,113.4043089002356,23.063623100225925
579,113.28621910043125,23.06837509993096
580,113.27983750040039,23.07104729959326
581,113.27977030035913,23.070924099667536
582,113.27898129994708,23.071248399693957
583,113.2746138998117,23.073090800300236
584,113.27512189985589,23.073019199876228
585,113.27491209971367,23.073586899615748
586,113.33968250014732,23.07085500025812
587,113.33943670014366,23.071044900202025
588,113.32570350031631,23.07361349976327
589,113.32590999994659,23.074773299648086
590,113.32617520012548,23.074772900349103
591,113.35998779979718,23.078093899713735
592,113.36219069994092,23.077593599664965
593,113.3605003000489,23.07825749988376
594,113.28648259999204,23.07664450014363
595,113.27495169956137,23.073958899683532
596,113.28082900025822,23.077189900293718
597,113.28885280011673,23.08000949973865
598,113.28881959984471,23.080148999876485
599,113.19893580034693,23.074397900143026
600,113.19903130025432,23.07414180020396
601,113.20084480024741,23.079063900378742
602,113.19950379956072,23.075130700121747
603,113.24463209999146,23.0797226996429
604,113.24435700007552,23.08055549973659
605,113.24437170039369,23.08115839984032
606,113.2436851003871,23.080234299673236
607,113.24431189997426,23.08092060020556
608,113.24326640032416,23.08243209976166
609,113.24226060034653,23.08599399962344
610,113.258983699738,23.086386700286027
611,113.23327869965237,23.11285780044716
612,113.2323377003247,23.11290260017489
613,113.23277269970038,23.113634199558703
614,113.27220879969639,23.113851500046735
615,113.27431569990972,23.11662829985619
616,113.2741110996476,23.116252299604014
617,113.27337960008856,23.11337480000708
618,113.21292999961986,23.109664100118152
619,113.20832989990504,23.114581000412898
620,113.22746929956861,23.11745139986226
621,113.20631169982516,23.11633200022169
622,113.20569859961074,23.116538499851913
623,113.20515220031382,23.117415200351275
624,113.20561479988316,23.11695440032537
625,113.20483770019973,23.117264500056706
626,113.20367690026876,23.117998100432033
627,113.20742619995917,23.119505099780554
628,113.2064445998385,23.119357600173146
629,113.30997759978641,23.114814700038437
630,113.32818530001168,23.117895000354054
631,113.32842809987699,23.117637900368834
632,113.32828399970685,23.117969099994014
633,113.39937860004238,23.114429499721666
634,113.34666300009746,23.11866699998211
635,113.34669220018498,23.12168770042706
636,113.3687946996157,23.119259899624694
637,113.36899629973948,23.11936899997943
638,113.3687831999847,23.120263499860698
639,113.32816079978113,23.118561600337614
640,113.32825240022817,23.118649800447997
641,113.32848299989064,23.11925719985993
642,113.27732110018871,23.119701400199517
643,113.27698240021766,23.119668100102786
644,113.27475359959897,23.120782799886342
645,113.32807099977686,23.120385300441285
646,113.37240350002162,23.121523700058788
647,113.36939730024528,23.122081500061256
648,113.40171099986287,23.12044660003062
649,113.40234810028471,23.122480700124243
650,113.36919999978022,23.122289499760655
651,113.37221679986544,23.12171710016412
652,113.36943359958104,23.122353699663563
653,113.32841400030588,23.121614900307463
654,113.32802820014138,23.121664600441022
655,113.44986939955322,23.120482400242622
656,113.44945819983616,23.120876799724556
657,113.44981460026361,23.121666399984406
658,113.44818469956431,23.121188900447464
659,113.44495910028229,23.121743200288506
660,113.44623969980239,23.12162899987851
661,113.27337369963664,23.12284250008139
662,113.28384109958711,23.123698900184138
663,113.32820260026983,23.124207699725616
664,113.3280542004411,23.12419560024682
665,113.34669940015726,23.124944400064066
666,113.3469160000734,23.12426919986376
667,113.37057679977954,23.122850600275058
668,113.36648839991983,23.122913200284017
669,113.3665182996798,23.123074800361792
670,113.36911889981741,23.12299340002545
671,113.36952610024935,23.12341820018986
672,113.39865750024353,23.12403259992459
673,113.39888270037636,23.124147300357663
674,113.36962129978326,23.125792699973204
675,113.34639429975721,23.124643000374192
676,113.36868700040486,23.125963199741932
677,113.19950660004963,23.119544099780455
678,113.19949599974063,23.119668100102786
679,113.20747649994053,23.120842499581727
680,113.22491290021026,23.12328230003817
681,113.21014399974581,23.12496759987488
682,113.21150489973138,23.12502850016523
683,113.2169601000287,23.127999899775602
684,113.32812389969831,23.126365700316853
685,113.32800000010002,23.12615089994415
686,113.3858765997254,23.127008800116073
687,113.38721019989089,23.126892800162636
688,113.38638170035529,23.126970599613514
689,113.38771610001811,23.126838599821554
690,113.36972199957063,23.129664099718468
691,113.36866479974083,23.126699900080382
692,113.34578090006858,23.12749139970839
693,113.34706639999445,23.127044899802343
694,113.36959619970492,23.12694310014399
695,113.27301279990081,23.132432700408856
696,113.30999499986945,23.128299300272545
697,113.34715469992955,23.127521599841998
698,113.34835459968508,23.127188400124624
699,113.3468801998614,23.127735300343886
700,113.32777990002239,23.12843259958487
701,113.38728800024103,23.12708289975609
702,113.38765729964473,23.127061600212755
703,113.38641629997232,23.127151599866465
704,113.38580309993313,23.1272382000829
705,113.38091710034394,23.12746650017891
706,113.38148420023572,23.12764639966167
707,113.34793929995874,23.127655300251945
708,113.34587670034955,23.12761859981856
709,113.34553569991272,23.12778770024221
710,113.30978860006394,23.128416400096853
711,113.34278839966498,23.128215800019234
712,113.34552890013867,23.12809610025488
713,113.34584660004066,23.127907099632978
714,113.34152000034783,23.128607499736347
715,113.34693170043772,23.128122200379266
716,113.32827700028338,23.128165599862598
717,113.34360050006308,23.128446000382667
718,113.32805580033494,23.129184100066198
719,113.36886139963394,23.129096200329457
720,113.37006509992443,23.129004699707195
721,113.40047400037486,23.11798249989249
722,113.45303360032051,23.11969239978447
723,113.45118859977413,23.120347799611295
724,113.52674899956673,23.122882199753747
725,113.52835859986953,23.12302060002071
726,113.52860279997935,23.123051099628583
727,113.5308807998091,23.12348290011579
728,113.53328470022882,23.12395869993412
729,113.50572849967057,23.119025500326643
730,113.50418179975031,23.118524100406944
731,113.50524640010133,23.118734000373877
732,113.4975340003939,23.11769459992587
733,113.49933819959824,23.11758500044749
734,113.49567740039174,23.120450100192045
735,113.50030859956223,23.11882709999071
736,113.44401679963562,23.122183600093138
737,113.40267789966538,23.12261989988849
738,113.43340219955189,23.124579199770324
739,113.43090520041471,23.1252969001319
740,113.43085999958942,23.12551500011722
741,113.53532650031775,23.124532300125622
742,113.53554200036308,23.124369399628165
743,113.53247119958621,23.124062100385686
744,113.53339390040821,23.124849900202776
745,113.53051289975053,23.124124700394646
746,113.53696450031146,23.12482840011063
747,113.53178849993935,23.12568259957237
748,113.53107999964232,23.12617740026684
749,113.49939230011466,23.12580199986246
750,113.49931380009184,23.126643199624027
751,113.39362090018449,23.135141599605163
752,113.3942541002466,23.134741799694325
753,113.39150889991583,23.1357239996629
754,113.34086990022581,23.12872790007259
755,113.3341470002839,23.12892960002108
756,113.33417559962425,23.129146399586716
757,113.30974170041918,23.129155599651256
758,113.3709498997182,23.129295499987393
759,113.37010789956003,23.129553799668145
760,113.37107409968996,23.129444499663975
761,113.36948369991285,23.12976299996251
762,113.37014419979505,23.1296798999075
763,113.3700603002427,23.129721700396203
764,113.3702363002651,23.129845500169722
765,113.36887240014119,23.130278700002066
766,113.36970980026717,23.129886899560802
767,113.37031680038012,23.130334199863455
768,113.37005260024739,23.129935300173997
769,113.36989040032176,23.129913899906626
770,113.36944209997296,23.130024299781667
771,113.37021149966108,23.13008010001664
772,113.369697699889,23.130094499961274
773,113.41725470044412,23.12902090009453
774,113.41596949999246,23.12937080022232
775,113.41619809956273,23.129530300383124
776,113.41642069975558,23.129598200096893
777,113.41595290030614,23.129681599626167
778,113.41126830029191,23.130476100291844
779,113.40789700004655,23.131413399808594
780,113.40849780023336,23.13146660010358
781,113.41140320039744,23.13081590013371
782,113.30210080041172,23.1320107996587
783,113.3142305998623,23.130214500099157
784,113.31689959973676,23.13006860038564
785,113.31648749979831,23.13035109992336
786,113.31137019997482,23.13137830016848
787,113.31436740023537,23.130502200416288
788,113.31150440040778,23.1315733001677
789,113.30330139983982,23.130779900272216
790,113.32848030012576,23.131932699834294
791,113.32830409955466,23.132324199901973
792,113.32835200014472,23.131727100425394
793,113.36952610024935,23.13019280035752
794,113.36968150040093,23.130258500329603
795,113.36898880029298,23.1304536001536
796,113.3698332996671,23.13085659985228
797,113.37031159960065,23.1319928995527
798,113.37060769958578,23.132237200386555
799,113.39924870016739,23.133806600094545
800,113.31023960017751,23.13186449974694
801,113.3096476996817,23.131961999746522
802,113.3099632996666,23.133122000180208
803,113.31003289999842,23.13322079970021
804,113.30958909985713,23.132103800350137
805,113.31039550035212,23.132224099962286
806,113.27277100008166,23.132994600420545
807,113.21808060043941,23.128483799787602
808,113.27286020023814,23.132631900242075
809,113.27277140027991,23.132856899826095
810,113.27195410000172,23.134711200261734
811,113.27227249957627,23.133679399984374
812,113.27170770015027,23.134663600045144
813,113.30243879981083,23.136177300242252
814,113.27270890009572,23.1324817997953
815,113.31035290036607,23.132340199740497
816,113.30975529996715,23.132469499767637
817,113.32857189967353,23.133248600442585
818,113.32858550012077,23.132707800324795
819,113.32839360008461,23.13296440028688
820,113.3022238996133,23.133943899591316
821,113.27262200040502,23.133166299884863
822,113.28150230019105,23.13337650022538
823,113.27247830043325,23.133684400214975
824,113.27460350005151,23.133689699919785
825,113.27704229956248,23.133720099702884
826,113.27022260019294,23.133754100371505
827,113.30628809961615,23.133787299744142
828,113.32892179980126,23.135039799946867
829,113.30621449999921,23.134009100439698
830,113.38675790025695,23.136606900088395
831,113.38894109985199,23.136302600085003
832,113.27203169980316,23.134569500382213
833,113.27180270003464,23.134995400417438
834,113.3286123997425,23.135132299715906
835,113.32864450014358,23.135308799761333
836,113.32895140008713,23.135728300220933
837,113.32957440003861,23.135848800381893
838,113.32806930005825,23.135698600110345
839,113.32866319974698,23.135708700396265
840,113.30983279994382,23.136356900250803
841,113.31034130001103,23.136407499706422
842,113.32866519983918,23.13591279973599
843,113.32895400002712,23.135930400367727
844,113.35682970003074,23.211590400076943
845,113.28951580011415,23.21883009992922
846,113.28914280000026,23.219043900255826
847,113.29028629967308,23.219941299551408
848,113.28986999990059,23.22005599998448
849,113.300015099917,23.22297549971961
850,113.28399759960962,23.22762459989542
851,113.26795790043684,23.23160369975102
852,113.26813760027005,23.231555100387595
853,113.27446349989066,23.231211400185998
854,113.3006884996746,23.235298499626083
855,113.30081390024134,23.235222499718645
856,113.3522265003528,23.23702769986852
857,113.30452829994113,23.24102409998227
858,113.3067055999835,23.24355690023083
859,113.30655849967513,23.24364660041033
860,113.2838798001128,23.25372550043153
861,113.28372659970285,23.253786499647276
862,113.47491980020868,23.21967910041019
863,113.48128019962155,23.214270399559325
864,113.45702979988539,23.258244500183594
865,113.55039180024141,23.268110400274793
866,113.55029509973917,23.268280599669993
867,113.5099142997052,23.277320199967278
868,113.20091140044087,23.2330730004187
869,113.20615640039762,23.232498500005818
870,113.20715420000636,23.23242479966484
871,113.20608849978453,23.23278129991712
872,113.2056195995649,23.232810699654124
873,113.20369399997821,23.23309420013726
874,113.19853229972591,23.233530599757444
875,113.19865449960548,23.233834499562533
876,113.19683400018903,23.234408900150697
877,113.21768610023344,23.234963700014816
878,113.21986329955166,23.23517960025839
879,113.20413999986113,23.237400199959325
880,113.20353449981735,23.238033900044513
881,113.20354460010333,23.239687100379456
882,113.25838629988789,23.23687839981835
883,113.26360269960492,23.234073200317994
884,113.2636532001352,23.23422050027591
885,113.2584868998506,23.236997399910138
886,113.2373139999412,23.237071299900606
887,113.25165059989536,23.23869890013418
888,113.25163519990463,23.238822799732475
889,113.25774160019478,23.239475300145045
890,113.25881620010762,23.242065600347246
891,113.25647870023192,23.24032600034468
892,113.25625180038037,23.24056570024692
893,113.2564742000244,23.242013699572624
894,113.25713569995264,23.241668699850663
895,113.25714480019246,23.242135400328493
896,113.25719400030289,23.24371240020713
897,113.25893399960444,23.24333489988578
898,113.25496690030229,23.24380339990705
899,113.25961289961572,23.247830299628674
900,113.25759740019987,23.24456110031457
901,113.25611369958767,23.244004500007748
902,113.2588354995587,23.245093900063466
903,113.25300720022221,23.24541050009458
904,113.25219319955659,23.246794300416695
905,113.31810029988901,23.26440690035821
906,113.31796909959428,23.264438099638653
907,113.31873399997414,23.267131599743607
908,113.31860279967952,23.267146399886485
909,113.36289210009045,23.27312639956375
910,113.3626176000223,23.27468200007428
911,113.36259709997626,23.275665499563218
912,113.36045800043644,23.27882050026591
913,113.2978972000958,23.278555899934872
914,113.32232989960528,23.28028970020955
915,113.32262670016212,23.280113899836635
916,113.32337600000244,23.281173699606597
917,113.32326729984607,23.281247999795426
918,113.36536109973508,23.276877700245734
919,113.37000929968951,23.276860399987527
920,113.36488620013813,23.27709289991742
921,113.36300440023297,23.281048200114412
922,113.35654680029461,23.28234779961133
923,113.35624520005604,23.28291760016714
924,113.36144509991152,23.281440800052906
925,113.36274909979113,23.284452300433372
926,113.36258429992552,23.284454299626304
927,113.29313190031701,23.29738309995014
928,113.29294949981966,23.29764039958485
929,113.29311069969913,23.29764160017976
930,113.33590899970068,23.295028899664032
931,113.33581170024979,23.29512279967753
932,113.3382091003698,23.297950799689715
933,113.33950679959923,23.298779099575825
934,113.33919219966037,23.29903189990233
935,113.34223070038661,23.302274300318743
936,113.34302029974708,23.302819900118322
937,113.29311119972215,23.29836310017697
938,113.30149490016959,23.300301200340186
939,113.30154579999873,23.300421800325864
940,113.26786339967623,23.30474480003255
941,113.2683117998497,23.30761599987852
942,113.26958410042596,23.30558849990939
943,113.27016529988873,23.307296899732194
944,113.26754819988957,23.306443300118246
945,113.27003139982935,23.307578699597343
946,113.346775800263,23.307071199576228
947,113.34666800032801,23.307168300276885
948,113.35017169966432,23.314865499643133
949,113.35005349996914,23.314912599836646
950,113.26857659983023,23.31432759983892
951,113.29855610008406,23.329277899855242
952,113.20270629975596,23.288162699948714
953,113.23653800012869,23.293663799844524
954,113.27028270008657,23.309107100112612
955,113.2701329998381,23.309147799831123
956,113.26777590013774,23.310611799894673
957,113.19966610021038,23.309777100432882
958,113.13601499959259,23.308828099837
959,113.22664909987611,23.323676799844463
960,113.35187980001285,23.319429200197476
961,113.35171330042851,23.31946610028035
962,113.35465239998837,23.32648360013809
963,113.35450230044091,23.32653719973206
964,113.35289410038251,23.323083599828294
965,113.29335739992416,23.334322100084876
966,113.293486299753,23.33441459985397
967,113.26941199986402,23.336151799565926
968,113.2893189996721,23.33929510008886
969,113.27050189994281,23.345048000265024
970,113.36207140037493,23.349822199734774
971,113.36245809986144,23.349655799975267
972,113.2689264001333,23.350650499620883
973,113.27250660029938,23.35548689980061
974,113.3672266003274,23.358826200368924
975,113.36704970008361,23.35893489962598
976,113.10282859966026,23.33085210014434
977,113.10287159984455,23.331005900402033
978,113.12083559998302,23.372524000182523
979,113.08096210032079,23.387713099879704
980,113.23642920014754,23.318509700062634
981,113.2320195003997,23.31832800013717
982,113.23119519979866,23.32022930004223
983,113.19519280040743,23.331172399986315
984,113.19488150008124,23.331920400306274
985,113.26246270009358,23.371804299728694
986,113.16588329957472,23.380945400210123
987,113.1856329000384,23.37688709975987
988,113.29240370037053,23.368852400118215
989,113.2945575002285,23.376638099968375
990,113.29201039986015,23.368903200122645
991,113.18622259989309,23.373181099728015
992,113.18612640031324,23.376414999752512
993,113.1859760003922,23.379581900284506
994,113.18850469973222,23.380288500314066
995,113.16464070000836,23.381855100432574
996,113.18039710014614,23.381853499639362
997,113.18116630018471,23.381779200349854
998,113.18167180011358,23.381913100409292
999,113.16920190044743,23.382211400136043
1000,113.16923859998144,23.381856200303446
1001,113.17926539957864,23.38225359992373
1002,113.14636879988029,23.380750400210843
1003,113.19597169963424,23.381719300105658
1004,113.19589569972686,23.381817800151396
1005,113.18691870033786,23.382205600408156
1006,113.20103789997916,23.383237600335065
1007,113.2067189002571,23.385767500269992
1008,113.36988699998517,23.36115350013398
1009,113.36959600005537,23.361422999971523
1010,113.37059760019918,23.36170939986897
1011,113.3740687998353,23.364009200164503
1012,113.37396149992333,23.364241999568662
1013,113.37027909990059,23.36195490039836
1014,113.38948159959625,23.37324469978313
1015,113.38965560042573,23.37312530039236
1016,113.3934721001574,23.37626630044946
1017,113.3931237999235,23.376511800079584
1018,113.40132600009485,23.38207159962468
1019,113.4012742998691,23.3822721997023
1020,113.29653530006408,23.382056800381065
1021,113.29662600028973,23.383474599573162
1022,113.29577220012698,23.383645299890702
1023,113.40457780022541,23.38292379989349
1024,113.40444409981546,23.383273199998257
1025,113.40459520030834,23.38331529996117
1026,113.41001580008913,23.384473499952094
1027,113.40995759956365,23.38469710019109
1028,113.30014330007327,23.390478200408666
1029,113.29625960030035,23.391606200265983
1030,113.30108879960846,23.392928299901143
1031,113.42466330017123,23.3872333997017
1032,113.42458720043896,23.386847600436454
1033,113.42981690022987,23.387671900138116
1034,113.42971669956614,23.387890400321794
1035,113.43435070012481,23.389801699788677
1036,113.43417050026846,23.390118700018036
1037,113.43812790038237,23.391419199736333
1038,113.43806030014275,23.391629900099872
1039,113.45013249981503,23.404017500107614
1040,113.44978130016693,23.40415769991796
1041,113.46134549979502,23.416138600416105
1042,113.48903349959642,23.413922400198658
1043,113.49185669992687,23.41589669987286
1044,113.4640264003981,23.418047899790793
1045,113.46373589959217,23.41826969958703
1046,113.46452790014257,23.41845000016741
1047,113.4614900001634,23.41604690014435
1048,113.25446250024424,23.399809799782474
1049,113.18507200007275,23.4285047003317
1050,113.25635379968821,23.412338499821942
1051,113.30304520007599,23.408358200270754
1052,113.30302229973938,23.409450499740842
1053,113.30289969966145,23.40947960000358
1054,113.3061351995799,23.42102560005145
1055,113.3063638998741,23.421843199803902
1056,113.30666950029729,23.42176319971196
1057,113.30915759974346,23.43294339961824
1058,113.30903189970252,23.432973300277638
1059,113.30873200008182,23.433048599613244
1060,113.30861269961645,23.4330817998852
1061,113.33455180042529,23.411804500377457
1062,113.33438160013077,23.411861899607004
1063,113.30645059991537,23.420954899848823
1064,113.37374010032545,23.45555080002947
1065,113.30921690013986,23.43370880002118
1066,113.30893870026091,23.433785299951694
1067,113.2698188000976,23.436738400157083
1068,113.26980290008385,23.437107300261744
1069,113.30956900000945,23.435337799599836
1070,113.30924360011215,23.435350200351536
1071,113.30959789972337,23.438261800441808
1072,113.30998670002623,23.438417800441187
1073,113.18833210004641,23.429182200098523
1074,113.18279560013684,23.436174599877916
1075,113.12027009998519,23.372858799793846
1076,113.12120569978333,23.373024999903862
1077,113.05018539963658,23.443310099781343
1078,113.05017570044822,23.443464900085132
1079,113.12490959989816,23.4674138003067
1080,112.99207809962468,23.44733410008871
1081,113.1249387001609,23.476870900072015
1082,113.37033590018166,23.450856499927568
1083,113.37105099970393,23.45132929960755
1084,113.38056329985648,23.45875459974502
1085,113.2979981004321,23.450963899664316
1086,113.2988927999628,23.45201700038433
1087,113.41829989972064,23.450840300439552
1088,113.4179189999619,23.451197000341324
1089,113.30393850026167,23.46214160035464
1090,113.30601830030434,23.465758599879507
1091,113.30122490030897,23.464939400233163
1092,113.32423319960253,23.459426100134465
1093,113.32852679957216,23.460802499935483
1094,113.30546300041715,23.467061400063585
1095,113.30317729969272,23.485199199583462
1096,113.28188379979758,23.476721099998827
1097,113.28711759959765,23.49285339966474
1098,113.3024956000919,23.488436699594047
1099,113.30536439964737,23.49048900016726
1100,113.37532769961376,23.476083600278002
1101,113.57555879979884,22.76740319959805
1102,113.57548079979915,22.767522400238647
1103,113.58341769996696,22.770076400205767
1104,113.58625399982225,22.774575399934804
1105,113.58613260033928,22.77465370030808
1106,113.39976579955203,22.759688699973594
1107,113.45863189984232,22.7638595002158
1108,113.39077690033378,22.76357339979262
1109,113.50021730038816,22.786393200286
1110,113.44414380009641,22.787454799599345
1111,113.44569050001667,22.796514899942736
1112,113.44445589991994,22.79177969957351
1113,113.44483900031969,22.792006100301364
1114,113.44521980025365,22.792216399567224
1115,113.44582809988697,22.796523299610612
1116,113.49943709984234,22.79458690006544
1117,113.4999876000478,22.794048100039845
1118,113.49592659983273,22.796556099684324
1119,113.49443499957567,22.79768670038095
1120,113.48422499998378,22.801618899692528
1121,113.43710909980518,22.84251849972901
1122,113.43572650007798,22.843706499655298
1123,113.34514259995103,22.86344849994839
1124,113.34514000001104,22.863537899754306
1125,113.34446210004592,22.863678899961315
1126,113.34376160011777,22.8637321002563
1127,113.34324690012443,22.865553900092493
1128,113.34329560021183,22.865677600041238
1129,113.31274289996497,22.868130400197856
1130,113.31342869957484,22.86836969990179
1131,113.30443339988153,22.8694817997453
1132,113.30422440013604,22.871708700096463
1133,113.30360069961262,22.872906499935084
1134,113.44004339968319,22.840952000334596
1135,113.4870494998346,22.852978300408267
1136,113.48724919969084,22.853387099834833
1137,113.48879589961109,22.849901100055774
1138,113.4395958997311,22.85297800003474
1139,113.43592619993422,22.85733710032696
1140,113.43594009985577,22.857472899754555
1141,113.42311939984052,22.857925999785095
1142,113.42317910043516,22.858255600415703
1143,113.42449669986286,22.86154090029237
1144,113.42460590004237,22.861626600287423
1145,113.48642359956955,22.86451830017944
1146,113.48589150039254,22.865706599579937
1147,113.47302139971794,22.869394599681073
1148,113.47389259996362,22.869809299559563
1149,113.4784878999966,22.87085699985073
1150,113.48464329984847,22.868923200245547
1151,113.41867339985754,22.86796239964508
1152,113.48531409966608,22.868315799934294
1153,113.4857654999779,22.872782100313714
1154,113.48013290031315,22.872735099944975
1155,113.48181660025591,22.874809100259824
1156,113.49112449979589,22.873936200295475
1157,113.49049689981211,22.874003000138373
1158,113.48559240026907,22.873488399969744
1159,113.4794155003251,22.87709749984981
1160,113.47817239983647,22.879620600010753
1161,113.47795140043684,22.879680400430175
1162,113.39283759967554,22.886081399736838
1163,113.39294810027468,22.886105999792107
1164,113.41926990038564,22.863891399868237
1165,113.32127999957243,22.891316599781305
1166,113.32129169975224,22.89114259985115
1167,113.2981153999059,22.902047900390357
1168,113.29749730036019,22.9018864001373
1169,113.34540639988552,22.90909820032175
1170,113.39328990020874,22.911437899939187
1171,113.34699650018842,22.91039040019689
1172,113.39297309962888,22.912797799878604
1173,113.28856690024236,22.89206400025347
1174,113.29149469982065,22.892957900286945
1175,113.39043439982777,22.91955840029999
1176,113.38860640006533,22.923738700081003
1177,113.38854149959059,22.923574400238408
1178,113.38890419976906,22.923302599935084
1179,113.35319530042284,22.91479709980638
1180,113.35540200020216,22.916360599961763
1181,113.34944539998526,22.986655999774598
1182,113.29667149968998,22.9817691997888
1183,113.34239130041829,22.98336519964431
1184,113.34015920018703,22.98483570000758
1185,113.33903680040805,22.98449390007346
1186,113.33744129967636,22.985613199889315
1187,113.33904410020511,22.986184100316052
1188,113.3376196999892,22.986586599991654
1189,113.33560190010769,22.987437099642477
1190,113.28065750044334,22.988400699832482
1191,113.28052430005641,22.990686899680725
1192,113.33549079966076,22.9878611003096
1193,113.33382559967174,22.988721800071062
1194,113.33448920041633,22.988542100237794
1195,113.32621229985784,22.993465199559353
1196,113.27847349955243,22.99265539962704
1197,113.3029513998872,22.99146419991297
1198,113.27741500020215,22.993161299754206
1199,113.33314540014021,22.98958709986482
1200,113.32677140028,22.993514399669834
1201,113.2781149002825,22.99904359978234
1202,113.2786899996438,22.99716029980806
1203,113.32480479970184,22.99453409956908
1204,113.30389569972681,22.997195799646477
1205,113.40645969995524,22.998855600105912
1206,113.40632830001107,22.999000499773274
1207,113.30233500006022,23.00169740021488
1208,113.43799389959884,23.013183699668048
1209,113.43932470017478,23.013656600072068
1210,113.43740839957809,23.017388300030063
1211,113.44342509968862,23.01559270014303
1212,113.43731670020566,23.01727570041328
1213,113.3056512995679,23.014670000220406
1214,113.30578709989481,23.014588599884007
1215,113.30841880038736,23.018479800002808
1216,113.308545700124,23.01845169978617
1217,113.329872299567,23.023689700319437
1218,113.33005150027657,23.023650200296572
1219,113.30570010037934,23.031780600394427
1220,113.26024280006527,23.03345479989912
1221,113.25996910039373,23.033695700396322
1222,113.26151990032315,23.034257499683918
1223,113.56332960008103,23.127591299998528
1224,113.56338590033909,23.12782510034816
1225,113.70573210015641,23.162133999884247
1226,113.70582459992545,23.162304300003484
1227,113.30819529997314,23.077713199604545
1228,113.30874459958363,23.080262200240384
1229,113.35991759961757,23.078207799750203
1230,113.32638469989399,23.077243300238138
1231,113.32535860041912,23.079608599956998
1232,113.32647809988441,23.08057830024842
1233,113.32765279973694,23.080344700447597
1234,113.32667130034031,23.080579999967085
1235,113.30597790006016,23.080316399682147
1236,113.31347710018804,23.080461499898377
1237,113.32375860037916,23.08037470003245
1238,113.30959050010154,23.082158099716594
1239,113.33092059970602,23.08086050031187
1240,113.30471860008333,23.080424300341235
1241,113.30733339961671,23.080759699800353
1242,113.31365439973081,23.080602099907026
1243,113.3046780001896,23.08061280004074
1244,113.3265194003501,23.080496399889
1245,113.3229902996627,23.080458599584745
1246,113.32940750025602,23.080508299718304
1247,113.3251282004062,23.080738699731285
1248,113.3263993003875,23.08166649970923
1249,113.3236137996372,23.080646000312697
1250,113.32783420018825,23.081427299830068
1251,113.32660379992546,23.08231230017259
1252,113.32712519986819,23.08239969988631
1253,113.36338200037903,23.077938600286245
1254,113.36186480002061,23.078493400150364
1255,113.36574060014868,23.07942459956564
1256,113.36443839981234,23.07878540012615
1257,113.3658551998576,23.079575500409078
1258,113.36696569980722,23.08041539975096
1259,113.29312389994811,23.08058910020685
1260,113.32682520042272,23.08400150036897
1261,113.32663049989776,23.083711999609136
1262,113.34271899988198,23.08313659987425
1263,113.31015759999332,23.085068599935994
1264,113.31045830001062,23.0854525996578
1265,113.31030740006656,23.085734699896534
1266,113.31051760040702,23.08576359961046
1267,113.31039689969725,23.086416000198312
1268,113.31062540034202,23.08638990007387
1269,113.36406960043178,23.0891851000124
1270,113.3655524997481,23.0894220003251
1271,113.25820350009155,23.08592850020017
1272,113.25780260030979,23.087829300082205
1273,113.25660960015296,23.086451199663202
1274,113.2585639996289,23.086949999642798
1275,113.36708970012967,23.089674399553928
1276,113.36688600008893,23.090068600285747
1277,113.39398539990634,23.09244749955252
1278,113.39417639972112,23.092401000106122
1279,113.36804589979852,23.093237900208976
1280,113.3678543999606,23.09331740027784
1281,113.31016980019615,23.095522400338552
1282,113.31000329971255,23.095517499932726
1283,113.36797030008938,23.09841920028589
1284,113.36816199957673,23.09853320014713
1285,113.30975510031772,23.0979152004262
1286,113.3100960000304,23.09794970021852
1287,113.27821219973328,23.097900400283322
1288,113.49641319960949,23.09498189969497
1289,113.4996593996616,23.095264099758424
1290,113.48756879986024,23.096471200385622
1291,113.48563700034731,23.096269799911397
1292,113.49067790006507,23.096609599753265
1293,113.49307919964542,23.098066600393338
1294,113.49475759988343,23.10061340038817
1295,113.27831290042013,23.09755550038608
1296,113.24938139993174,23.099019100251326
1297,113.24976860034064,23.098674300178857
1298,113.2544102001707,23.100003800335173
1299,113.23298430028524,23.10034250030617
1300,113.24771040021483,23.101464999909865
1301,113.26223680028818,23.10242839955106
1302,113.24761069957424,23.101410799568782
1303,113.23098910036674,23.100964199838018
1304,113.2310010001961,23.10122549965712
1305,113.22967300010896,23.101507500071136
1306,113.2304700998153,23.1012921996753
1307,113.2302920997007,23.101343100403824
1308,113.23076939958821,23.10193960003255
1309,113.24607409993985,23.101873999885242
1310,113.24702449988081,23.10444139975084
1311,113.2278075004159,23.102527799818176
1312,113.2185442000548,23.106828900133678
1313,113.36821519987166,23.098746299901848
1314,113.30984889960712,23.100346700140165
1315,113.31000069977256,23.1003519000202
1316,113.34604949968468,23.102398800164565
1317,113.34561009992626,23.105310300430062
1318,113.36814990009782,23.100550699655116
1319,113.36800150026909,23.10062559969174
1320,113.34533719975207,23.102787100444402
1321,113.36828370033254,23.10185060042494
1322,113.36790500031555,23.102023200110636
1323,113.36825700036036,23.103047500042123
1324,113.32865859971469,23.109921799951167
1325,113.32857129982574,23.109922999646756
1326,113.36812270010262,23.103971100186186
1327,113.39854649962138,23.112652299963713
1328,113.36851899985197,23.106275399789922
1329,113.36816279997333,23.106289799734498
1330,113.21281260032129,23.109539999971048
1331,113.24415439990571,23.11064899985149
1332,113.24259170014693,23.11098729962424
1333,113.24023730021133,23.11121370035204
1334,113.32857120000097,23.10619190043593
1335,113.32885209964479,23.10792529961293
1336,113.3285424001117,23.10803940019821
1337,113.28114370002174,23.110013100024617
1338,113.31017350000707,23.111854300035986
1339,113.3098405997639,23.112660599806873
1340,113.27233759970056,23.111299099973508
1341,113.2722419999684,23.111027199845466
1342,113.30907199957323,23.112171999937914
1343,113.2724220001752,23.11315929996175
1344,113.30975310022541,23.114179999907094
1345,113.40031560008492,23.11739690004697
1346,113.2315476998665,23.142330600177104
1347,113.23273839955755,23.142628700254363
1348,113.22658039976568,23.1427143004247
1349,113.3279430001694,23.135946500031025
1350,113.3295878997618,23.136049100085927
1351,113.32891299993503,23.136391400043124
1352,113.32856869988564,23.13647819990905
1353,113.31403950022286,23.136345799918786
1354,113.31168830007505,23.136415500075316
1355,113.32889209969073,23.13651340027326
1356,113.31399530034287,23.136483399789142
1357,113.31169390015339,23.136616100152935
1358,113.30880230008609,23.13655610008402
1359,113.34590739960686,23.136396400273725
1360,113.30983439983777,23.136834999635596
1361,113.31025979984997,23.13685630007825
1362,113.30883700042727,23.13677010006012
1363,113.30632539989733,23.136853399764618
1364,113.30635290026623,23.13693589997183
1365,113.30400890009071,23.137162500349177
1366,113.30987870044169,23.137347999910332
1367,113.35207909967073,23.137145700114047
1368,113.31011369958765,23.137365200343766
1369,113.30258580029454,23.137253199675456
1370,113.38721219998308,23.136659499636266
1371,113.38472709977589,23.13728780019187
1372,113.37728849956466,23.138893400310224
1373,113.3774144999793,23.13905720012974
1374,113.32823200000689,23.138839100144423
1375,113.32834120018629,23.139001200245218
1376,113.37089899988905,23.140277099908303
1377,113.3711155998052,23.140572400396024
1378,113.37537729992255,23.1393388003454
1379,113.37403510043964,23.140417100069158
1380,113.30986829978224,23.13949130018341
1381,113.30960530024447,23.140379399589676
1382,113.32770940036858,23.141660300382625
1383,113.32788259990207,23.141690499616914
1384,113.2767802002461,23.140693399680686
1385,113.2762937002941,23.140791600252214
1386,113.2725226001379,23.140878599767632
1387,113.27641690021983,23.140938599836545
1388,113.27604559982467,23.14100839981785
1389,113.2743725001908,23.141511100157174
1390,113.27447019983993,23.141766600248445
1391,113.35224829991921,23.141148599628195
1392,113.35197329982793,23.14103340007142
1393,113.2742850995777,23.14183369956561
1394,113.2733092002594,23.141874699657706
1395,113.27017499997635,23.14207650033029
1396,113.27337400001011,23.14205579973543
1397,113.26976869976579,23.142110900297837
1398,113.26967579979839,23.142119700164073
1399,113.26975970025,23.142222599693298
1400,113.26973429979819,23.142205199610316
1401,113.26961619992778,23.142275999637718
1402,113.26959100002466,23.142341400135535
1403,113.27023230028044,23.142313799941974
1404,113.26974769969661,23.142334700186325
1405,113.26968299977068,23.14233639990499
1406,113.37128880023795,23.141954799574364
1407,113.37136010028848,23.14205910024731
1408,113.37300080004695,23.14136490007013
1409,113.37289100001965,23.141586699866366
1410,113.36794810032461,23.14248870009351
1411,113.36850609997657,23.142526299848896
1412,113.36960279982941,23.142150199771947
1413,113.37182600036965,23.14442189985084
1414,113.26782339963029,23.14284199965863
1415,113.26921890013216,23.14331399984127
1416,113.26925909982765,23.143371399970192
1417,113.26713450005718,23.143302199836683
1418,113.26708470009885,23.143419900408105
1419,113.30031429986514,23.148034499892333
1420,113.2371514996421,23.14505459988993
1421,113.2601942996273,23.147604099649527
1422,113.26204910008596,23.146856799901457
1423,113.24148740012345,23.14796489956052
1424,113.22112919965286,23.14770960001806
1425,113.2190384000022,23.15003350034584
1426,113.26193279975894,23.14661960011449
1427,113.25661670030058,23.148303100407816
1428,113.25623839958257,23.148320600315515
1429,113.25833619955597,23.14787039969923
1430,113.25672700035079,23.148594299986996
1431,113.25597719958819,23.148446699655494
1432,113.25587630015116,23.14865149956711
1433,113.25631100005262,23.148726799802034
1434,113.2438731998883,23.1493020997122
1435,113.25178530035134,23.149687499678407
1436,113.37209269971834,23.144850300001394
1437,113.36164100013207,23.145294000317904
1438,113.35850679984901,23.146028599840065
1439,113.35734189990876,23.146555300386865
1440,113.3270640999283,23.144750899734277
1441,113.32736649966432,23.144805000250585
1442,113.35712959965133,23.1463990000139
1443,113.32698569973036,23.147205000310578
1444,113.30884230013214,23.147971499685013
1445,113.30905349961938,23.14799249975414
1446,113.32684110043647,23.147245799853806
1447,113.3461930998318,23.147504800106503
1448,113.3435374000311,23.147524099557586
1449,113.34216500041452,23.147752000354558
1450,113.32734749968745,23.14876879994023
1451,113.3412047996618,23.147911600340137
1452,113.3387795996988,23.148217299688667
1453,113.34006089979073,23.148116599901243
1454,113.3557484999933,23.147849100155895
1455,113.33214270012559,23.150040099571015
1456,113.32718050008009,23.14882829998612
1457,113.32763350028586,23.14954159996489
1458,113.33220149959959,23.150163599870268
1459,113.29244590015821,23.1500003998986
1460,113.29864549988997,23.150842300232
1461,113.2933030997583,23.15082730043963
1462,113.38434219983276,23.15396740027535
1463,113.3877720000778,23.154423200070653
1464,113.39662640028826,23.15510839983284
1465,113.32746239976996,23.149591200273733
1466,113.48767449987838,23.15037440005858
1467,113.4748251996233,23.154997499934723
1468,113.47772899989354,23.15383529975935
1469,113.49142710008061,23.14883459973703
1470,113.51592789985273,23.14734780006097
1471,113.4842851997023,23.15423160040808
1472,113.4839016001788,23.153885999939007
1473,113.48427260020037,23.154449099646286
1474,113.48792210032468,23.15471949970521
1475,113.4863397000172,23.157170299769575
1476,113.48619540019763,23.157260499972153
1477,113.48649589966612,23.15738569999013
1478,113.4865572999795,23.157690300367108
1479,113.48871750031242,23.158904799716765
1480,113.4891665003338,23.162838300347346
1481,113.18832559974669,23.155292599873633
1482,113.24790009960998,23.150347000413774
1483,113.25726900016434,23.154678700161924
1484,113.25785970006518,23.15565909968774
1485,113.25766250032416,23.1557331004023
1486,113.25018349986874,23.160308699886627
1487,113.25066939997294,23.161061400063602
1488,113.19504000019595,23.160877700045887
1489,113.3290248998793,23.150907900379366
1490,113.32916699995712,23.151241199921515
1491,113.32820639990553,23.151176300346037
1492,113.3281087002564,23.1512493999399
1493,113.3282001001545,23.151322500433082
1494,113.32828869956393,23.151371900193112
1495,113.32878319988481,23.15137080032224
1496,113.3281803996058,23.151425399962307
1497,113.32735170042065,23.151504999855888
1498,113.32835219979427,23.15152399983276
1499,113.32823879978082,23.15156430025229
1500,113.32793459960214,23.151660800205832
1501,113.32726150021813,23.15187409961004
1502,113.3241590001378,23.152749600413756
1503,113.32505090007908,23.152421400027663
1504,113.32540810000387,23.15238330024914
1505,113.32500830009303,23.152621400257487
1506,113.32217860036212,23.15410030028869
1507,113.38166449991684,23.153770400183873
1508,113.38332309978125,23.154045699749304
1509,113.32183769975006,23.153950299666633
1510,113.3215809999632,23.154110700048818
1511,113.31881690037972,23.155974300373714
1512,113.35691309955996,23.15543639967018
1513,113.31468700040477,23.156613300163713
1514,113.29562170038128,23.157104300323226
1515,113.31695029991647,23.15703179967784
1516,113.31803919994923,23.15602570022594
1517,113.31882780016292,23.15608389985215
1518,113.31693840008711,23.156809900056885
1519,113.31488670026101,23.156856100029017
1520,113.31505209997454,23.15682909968325
1521,113.31568680010582,23.15692749990427
1522,113.31665579982541,23.15697009989026
1523,113.31690250005045,23.157599299767924
1524,113.31662930040193,23.157217700336673
1525,113.30731779997654,23.1573463996167
1526,113.31634970027847,23.15789679999739
1527,113.35871140011113,23.160164900090138
1528,113.30065139994224,23.15786530034336
1529,113.26752259978821,23.16090850002729
1530,113.35703280022358,23.164387600207647
1531,113.32534879960747,23.16469640041862
1532,113.32608490009807,23.16645510022272
1533,113.32647719966315,23.16642470043962
1534,113.32679700038136,23.167071400224984
1535,113.3262465001759,23.166874499958283
1536,113.48967029964467,23.168117899921185
1537,113.4884925996538,23.17215509957822
1538,113.48839480017989,23.173059400271143
1539,113.25838059998478,23.157909799697563
1540,113.25821969957951,23.159078000149634
1541,113.25831270027095,23.15908339967922
1542,113.19130849988744,23.15782549994691
1543,113.25815139966744,23.159687899676896
1544,113.25797820013383,23.159880000261865
1545,113.25772970036542,23.161464899785358
1546,113.25841010044587,23.161328100311607
1547,113.21815620014854,23.16365449985534
1548,113.19744529996069,23.16328900008733
1549,113.26518659998169,23.161634199858497
1550,113.25762009998766,23.162012200202923
1551,113.2650142997702,23.161675500324122
1552,113.25839330021074,23.162227700248195
1553,113.25872120022325,23.162166499584316
1554,113.25209590010581,23.16271959972977
1555,113.25033630008022,23.16396320024154
1556,113.25475540044147,23.16369640016876
1557,113.2573840998964,23.1628472000383
1558,113.25816829972734,23.163028499765517
1559,113.26624679994995,23.16410740023639
1560,113.26612369984889,23.16419549962268
1561,113.25720880044582,23.163187699552736
1562,113.25523830040731,23.16387509995593
1563,113.25705600023423,23.16509039970225
1564,113.24906269998371,23.16639849959114
1565,113.25669659966843,23.16547269970539
1566,113.25651439971978,23.16601089988319
1567,113.24926819956784,23.165872399791454
1568,113.24675059966046,23.167080799939015
1569,113.25656469970124,23.166246300126716
1570,113.25613450000719,23.166656499797682
1571,113.20759659990324,23.167146599735815
1572,113.21494649998101,23.166682400272578
1573,113.21889770016878,23.16979129992859
1574,113.329376899924,23.167833099917686
1575,113.32780409987936,23.167651399992167
1576,113.3226992997329,23.1690338998946
1577,113.32319389987867,23.169042599936063
1578,113.33145419985146,23.169125699991127
1579,113.33130749974134,23.169386399962434
1580,113.32225139958246,23.16941569987472
1581,113.32280079991699,23.16906200011124
1582,113.32255549993647,23.169097900148017
1583,113.32307639985606,23.169213200428885
1584,113.32317780021538,23.16934370015167
1585,113.32331180009953,23.169529900284715
1586,113.32315260031237,23.169507400146472
1587,113.32232340020482,23.16942649983315
1588,113.32232450007564,23.169563700404524
1589,113.32239330001084,23.169655299952183
1590,113.32234910013096,23.169845199896088
1591,113.3229162998474,23.169790700080796
1592,113.3226127004159,23.169807699965418
1593,113.32281190024901,23.16984929990531
1594,113.32295339957977,23.169867399660802
1595,113.32265030017129,23.169951800135493
1596,113.32648720012423,23.171468899769934
1597,113.32650410018414,23.1716113002214
1598,113.33547629989141,23.17263390043422
1599,113.33902880003916,23.17304310005909
1600,113.33951680006032,23.17323910010441
1601,113.24825409974699,23.168079300119643
1602,113.25564700000905,23.167711200411645
1603,113.24767879983676,23.169961900421413
1604,113.21901770030672,23.173353699813447
1605,113.25540789995466,23.1707124997821
1606,113.25523619959097,23.172067100016704
1607,113.25482380017831,23.173804699927018
1608,113.25501329992392,23.173816099733244
1609,113.25469989968065,23.17624160006983
1610,113.25449950015184,23.17622090037429
1611,113.48633069960215,23.180152700386884
1612,113.48608670004126,23.18050790021948
1613,113.48589880018949,23.18734210025775
1614,113.31943449990229,23.18654649972126
1615,113.31992280029704,23.186971299885613
1616,113.32011459960916,23.187143500272384
1617,113.31996929974343,23.187333699690555
1618,113.36226750024503,23.195428000102197
1619,113.36824270024044,23.194528300340835
1620,113.36198530018157,23.19558640039213
1621,113.25613359978581,23.193528200266257
1622,113.27422949989159,23.18585989971467
1623,113.27404820016432,23.185978899806457
1624,113.25468949992057,23.185362400154702
1625,113.25537879969193,23.189120999734428
1626,113.25523599994153,23.188615599630282
1627,113.25537719979798,23.1895977995988
1628,113.25889489977988,23.205376799699593
1629,113.25787390036032,23.206312400396996
1630,113.27367799964009,23.207017700006872
1631,113.27359069975103,23.20689760004427
1632,113.27465199959022,23.206674200354087
1633,113.27529239962462,23.20664579976392
1634,113.25804950018437,23.208658499590115
1635,113.258284199856,23.208696399719145
1636,113.49376740044522,23.19150619965143
1637,113.48577500041597,23.192302499860546
1638,113.49057470016237,23.193307399616856
1639,113.48621469964871,23.196175000376
1640,113.4788949997045,23.195837699750086
1641,113.47890679970908,23.19599290025218
1642,113.48275220005405,23.200492800202596
1643,113.46207259987068,23.20615059977041
1644,113.45869440002662,23.207489499640758
1645,113.47724540025513,23.21145800008668
1646,113.47787269986532,23.211952299858808
1647,113.47807120002597,23.21180619959648
1648,113.48064579986385,23.213580199566593
1649,113.47884690036426,23.217533200197067
1650,113.3204361000461,23.202031800127543
1651,113.28118239964806,23.199400300183754
1652,113.36349739958541,23.205282000364093
1653,113.28164330039806,23.202630500397333
1654,113.28090140017957,23.20353289992346
1655,113.28075439969587,23.203371100196193
1656,113.27985500030809,23.204201699648763
1657,113.27872629987894,23.204717500412357
1658,113.28274780007098,23.20585320026504
1659,113.35920889967099,23.211532400100225
1660,113.37805980041946,23.211931199964965
1661,113.37951410039545,23.212147899705883
1662,113.25838160003093,23.21117139964042
1663,113.25854470017782,23.21441079991854
1664,113.25779440029135,23.22145260035728
1665,113.257929300397,23.221468899670015
1666,113.25843519962484,23.216412199763283
1667,113.26413750034544,23.2209678001239
1668,113.25812159973214,23.220689399696084
1669,113.25791100009269,23.22066689955784
1670,113.20679750010459,23.22658840013463
1671,113.26439250041358,23.22164610028733
1672,113.26802270018754,23.23198990011383
1673,113.26809150012275,23.232275700163484
1674,113.2684384999369,23.23270449961302
1675,113.2682295001913,23.23267369963156
1676,113.7716616997277,23.179452400108232
1677,113.59481599985861,23.163732099656727
1678,113.70310349962688,23.16604889983688
1679,113.771132499965,23.18086700041181
1680,113.77082979985539,23.183201599973927
1681,113.7703791001154,23.186761200269245
1682,113.71887190031805,23.19693109999031
1683,113.71934009996573,23.197118200344732
1684,113.72191290026024,23.199390899570403
1685,113.77724279971551,23.206125700240932
1686,113.8556400002858,23.20454999988266
1687,113.8541453998904,23.206295600161866
1688,113.86050359956153,23.239273799846046
1689,113.78803489989082,23.227403300122262
1690,113.78782549994696,23.227483099665392
1691,113.78620769962572,23.232061800012104
1692,113.69108629979291,23.27474450025852
1693,113.69317489970194,23.2748112002767
1694,113.68653960002257,23.275201700298283
1695,113.55554519975124,23.278062299835312
1696,113.55728310003508,23.27898280001625
1697,113.57378319993484,23.280657799917606
1698,113.57710399964992,23.28143629984544
1699,113.57662979972554,23.281384599619628
1700,113.59336250027923,23.286761000419858
1701,113.6058210999638,23.28789580005116
1702,113.56398280016617,23.28144289996993
1703,113.57917020014463,23.28334529974586
1704,113.58015049984579,23.284156699572065
1705,113.58299239977953,23.285842000308094
1706,113.58291689989505,23.28599640041358
1707,113.55663609987619,23.29505680023118
1708,113.55652290041155,23.295192300184567
1709,113.56347480012198,23.2970597001451
1710,113.56536859968116,23.29979859982558
1711,113.79832879993421,23.2809542002762
1712,113.80806110033961,23.281433199882315
1713,113.80285749977384,23.282502699739837
1714,113.77725020023661,23.28394490023703
1715,113.84828169964078,23.315253100250402
1716,113.84932649961831,23.32050180001812
1717,113.84919080001544,23.32062469957026
1718,113.84847790023503,23.373354999833452
1719,113.85225749988376,23.369686899930514
1720,113.85170420008888,23.370022599763217
1721,113.78931300019485,23.40356659981876
1722,113.82598470023379,23.39787640037565
1723,113.82610590006732,23.39798459960963
1724,113.81058430032522,23.411103100227933
1725,113.81662089973474,23.412810400179865
1726,113.81548510005734,23.414190099593498
1727,113.81668230004811,23.415233500225895
1728,113.82094700030393,23.416104200448558
1729,113.81670120020033,23.419969799566672
1730,113.81652780011791,23.420250899759253
1731,113.7566506999699,23.478342399582118
1732,113.6674354996486,23.506273799995938
1733,113.67651009976134,23.506421199778572
1734,113.67120080007692,23.506709800317083
1735,113.67188909980223,23.50675519989261
1736,113.67185059982535,23.507149100250842
1737,113.67113879991575,23.507169799946382
1738,113.58985389963777,23.51936180010705
1739,113.58279949969722,23.520224199587176
1740,113.59714279960053,23.527625100218245
1741,113.59702209979014,23.527691499862897
1742,113.63767169998903,23.52393800033849
1743,113.58036900002935,23.53892080005494
1744,113.5804743996739,23.53899210010536
1745,113.5760292999123,23.541806800043844
1746,113.57613370040997,23.541904300043484
1747,113.60375490036847,23.536897599744464
1748,113.60363249993998,23.53705380029271
1749,113.83511869966833,23.39361980031356
1750,113.83531700017943,23.393682199773764
1751,113.8177373001364,23.408518499928903
1752,113.82285390028733,23.416544000405338
1753,113.87102719994539,23.42595209970966
1754,113.86405420034112,23.424502299941253
1755,113.86532959998112,23.425218500233655
1756,113.87083529990923,23.42572629972898
1757,113.87059099997475,23.42576760019466
1758,113.86624430043423,23.428818300224407
1759,113.87153219985123,23.42929569993663
1760,113.87249940002732,23.430713300378557
1761,113.77327950004894,23.46250669992429
1762,113.76763189969245,23.463782800136187
1763,113.76800449960808,23.464981799670397
1764,113.46799730023531,23.42158750006314
1765,113.4676659998861,23.421517500432344
1766,113.47238089985865,23.428979000080858
1767,113.47274400023548,23.42921009976635
1768,113.4743842997957,23.43267150038946
1769,113.44979090042978,23.446304100254054
1770,113.47483549955871,23.43337529993022
1771,113.44798809967108,23.447673999755352
1772,113.47792420044152,23.435779599648868
1773,113.47779030038214,23.435906199911244
1774,113.4845452000011,23.44526839961702
1775,113.48437449968344,23.445295899985865
1776,113.4404788001566,23.446958500034782
1777,113.44043169996303,23.44715740039379
1778,113.48711500015725,23.456645399965282
1779,113.48694219992262,23.456674000205
1780,113.50739369965959,23.476092800342485
1781,113.51409680012728,23.478239199679365
1782,113.52198219971876,23.484672900134285
1783,113.52607009955557,23.48978979975948
1784,113.52630580017262,23.489662599649307
1785,113.53241440020452,23.522416299772487
1786,113.50208649989213,23.58059689992706
1787,113.50209619997975,23.580487099899813
1788,113.46720860019684,23.58847689998902
1789,113.25586090016043,23.59668489988826
1790,113.40975429972127,23.63839870023986
1791,113.40989649962387,23.638713200353948
1792,113.41007999999204,23.62603659960945
1793,113.29726519972928,23.556624799894678
1794,113.299519700274,23.56105859967471
1795,113.29792049973139,23.56030550019875
1796,113.71725600026423,23.573443099719327
1797,113.71815019977191,23.57789409993279
1798,113.72188100040785,23.579209399794024
1799,113.72153999997113,23.581437700389586
1800,113.71882559962182,23.581490100287965
1801,113.63801240005228,23.610903899995037
1802,113.63792040030626,23.610989699814866
1803,113.64625909957783,23.6155664998941
1804,113.64596439983723,23.61563899964017
1805,113.66426009962402,23.645785700050055
1806,113.66160029981404,23.64770110042548
1807,113.65895969963049,23.694577000328366
1808,113.89514340014784,23.822075699833704
1809,114.00559740000006,23.874711699885097
